episode,timesteps,mean_reward,r_thr,r_coll,r_lat,r_cw,avg_cw_vo,avg_cw_be,pdr,collision_rate,alpha,actor_loss,critic_loss
1,100,-1.130677549402478,0.5049614119562296,-1.0879280299969565,-0.47033849734415606,-0.0773724340175953,168.76,227.0,0.27471464666869577,0.7252853533313042,1.0,0.0,0.0
2,200,-1.219247028990526,0.4544519783512704,-1.1042939716615898,-0.4797471666674985,-0.08965786901270775,192.24,266.36,0.2638040188922733,0.7361959811077265,1.0,0.0,0.0
3,300,-1.2729852269996467,0.3735777639719418,-1.079006768944374,-0.4701798779411929,-0.0973763440860215,196.68,301.4,0.28066215403708406,0.7193378459629158,1.0,0.0,0.0
4,400,-0.7478207688360916,0.8980658192364978,-1.0847529459795673,-0.4705842774791414,-0.09054936461388076,171.2,291.96,0.2768313693469551,0.7231686306530449,1.0,0.0,0.0
5,500,-1.408519517755177,0.20471669018282398,-1.0597261461072265,-0.4644074225345867,-0.0891026392961877,174.84,280.92,0.29351590259518234,0.7064840974048177,1.0,0.0,0.0
6,600,-0.9912376927964796,0.6571864811506578,-1.0885180329281123,-0.4733059455156035,-0.08660019550342132,183.32,259.64,0.2743213113812584,0.7256786886187414,1.0,0.0,0.0
7,700,-1.233659307580907,0.38916564049069924,-1.0707764366433614,-0.46735642931680793,-0.08469208211143694,159.96,273.24,0.2861490422377589,0.713850957762241,1.0,0.0,0.0
8,800,-1.2973054053662938,0.3966005377998858,-1.1244843209458175,-0.4862857473425518,-0.08313587487781036,216.32,208.92,0.2503437860361217,0.7496562139638785,1.0,0.0,0.0
9,900,-0.6855619601363894,0.9120137377095038,-1.0483629046107852,-0.45411210897313353,-0.09510068426197459,226.96,259.48,0.30109139692614323,0.6989086030738568,1.0,0.0,0.0
10,1000,-1.0228320306795353,0.6262755257119448,-1.0864561900049907,-0.47181265670906974,-0.09083870967741937,180.68,283.96,0.27569587333000617,0.7243041266699939,1.0,0.0,0.0
11,1100,-0.33015808957858866,1.0896831141197492,-0.9087173566156435,-0.39379051374936075,-0.11733333333333336,266.44,333.72,0.39418842892290434,0.6058115710770956,0.9709518653333069,-4.762360572814941,0.8304181694984436
12,1200,-0.684078197343447,0.5281356367687708,-0.7511988575018491,-0.32589865207468927,-0.1351163245356794,327.96,363.16,0.499200761665434,0.5007992383345661,0.9426813714167411,-5.246071815490723,0.5955585241317749
13,1300,-1.1146029904925547,0.22237063445979557,-0.8489804820561119,-0.3677898193380761,-0.12020332355816227,276.16,338.68,0.43401301196259207,0.565986988037408,0.9149700363524558,-5.781534194946289,0.3565554618835449
14,1400,-0.2032025169632843,1.1151470958267944,-0.8360178566230785,-0.36125257728136995,-0.12107917888563051,326.72,292.6,0.442654762251281,0.557345237748719,0.888033943467729,-6.298659801483154,0.4774411916732788
15,1500,-0.9828349907929433,0.315946376781091,-0.8211347802150335,-0.35568373300904965,-0.12196285434995112,277.8,346.04,0.4525768131899776,0.5474231868100223,0.861958446301051,-6.769282341003418,0.33305230736732483
16,1600,-0.9804947175137616,0.2854592424083681,-0.8008799780574855,-0.34523038460169225,-0.1198435972629521,300.08,312.92,0.46608001462834314,0.5339199853716569,0.8366509897597864,-7.224728107452393,0.6077290177345276
17,1700,-1.1345406412891317,0.2577991747536974,-0.8959569979114577,-0.38643169398669913,-0.10995112414467256,253.96,308.44,0.40269533472569496,0.597304665274305,0.8121293246858686,-7.623723983764648,0.44477924704551697
18,1800,-0.5116007122126229,0.8578729291148238,-0.8739540093581124,-0.3795079017640555,-0.11601173020527858,246.72,346.68,0.41736399376125854,0.5826360062387415,0.7883185258071497,-7.966923713684082,0.4419921040534973
19,1900,-0.8317861784755154,0.4799084267917318,-0.8437683241211896,-0.3637151374510427,-0.10421114369501465,242.52,290.52,0.43748778391920695,0.562512216080793,0.7652783011669384,-8.47300910949707,1.1093069314956665
20,2000,0.1780828126978478,1.4559365767024222,-0.8224064396748701,-0.35464576030233375,-0.10080156402737052,238.52,277.08,0.45172904021675314,0.5482709597832468,0.7429319988298724,-8.834310531616211,0.5995000600814819
21,2100,0.13038979013690918,1.3270332134856222,-0.7554200598574377,-0.32564174081287833,-0.11558162267839688,298.92,292.28,0.496386626761708,0.5036133732382919,0.7213073220240064,-9.249974250793457,1.028538465499878
22,2200,-0.2532198513803439,0.9214782085160571,-0.7318309408309933,-0.3160401395932669,-0.12682697947214075,314.68,334.04,0.512112706112671,0.48788729388732904,0.7003515681068867,-9.802663803100586,1.0593161582946777
23,2300,-0.7107839219981593,0.48774691823285304,-0.7578484971060416,-0.32610169796368027,-0.11458064516129034,282.12,303.96,0.4947676685959723,0.5052323314040277,0.6800679637598603,-10.045632362365723,1.500635027885437
24,2400,-0.9331952397635406,0.3819789004053401,-0.8492029492646458,-0.3661549641202664,-0.0998162267839687,239.88,270.68,0.43386470049023623,0.5661352995097638,0.6603319814450462,-10.266045570373535,1.2397794723510742
25,2500,-0.40868537080829354,0.7820653739635298,-0.7559479399522948,-0.3253990902545237,-0.10940371456500488,271.16,288.44,0.4960347066984701,0.5039652933015298,0.6411903993251938,-10.795610427856445,1.440208911895752
26,2600,0.16625411464054202,1.2439799613464089,-0.6610325556397495,-0.28498654619808195,-0.13170674486803519,352.44,321.24,0.5593116295735003,0.44068837042649966,0.6226245646352296,-10.925024032592773,1.0000739097595215
27,2700,-1.0548250669826058,0.17440609094034648,-0.7819123267740429,-0.33713310289866505,-0.11018572825024439,255.96,307.64,0.4787251154839713,0.5212748845160287,0.6045925426864449,-11.497077941894531,0.8649379014968872
28,2800,-0.30804281855544513,0.8185903150811535,-0.6956925810632829,-0.3006101517913019,-0.13033040078201372,313.24,353.4,0.5362049459578112,0.46379505404218874,0.5870147644960878,-11.386453628540039,1.6975483894348145
29,2900,-0.2616015842283364,0.9343964424088154,-0.7580219024925359,-0.32655481427169314,-0.1114213098729228,261.8,308.12,0.49465206500497616,0.505347934995024,0.569974502853769,-12.191493034362793,2.4040427207946777
30,3000,0.13290080958976153,1.221589790453112,-0.6736348536281467,-0.2908077929243533,-0.12424633431085046,275.24,360.28,0.5509100975812355,0.44908990241876445,0.55344027806133,-12.003433227539062,2.1601004600524902
31,3100,-0.7878769778548945,0.4166876894421829,-0.7616109386698756,-0.3283887237396163,-0.11456500488758553,236.6,349.4,0.49225937422008287,0.5077406257799172,0.5373932490875781,-12.232928276062012,1.2282973527908325
32,3200,-0.9553807022707465,0.33236847402329384,-0.8264218813199242,-0.3562402959516331,-0.10508699902248292,229.56,307.96,0.4490520791200503,0.5509479208799497,0.5217942429934241,-12.440218925476074,3.401226043701172
33,3300,-0.5436183065929687,0.6974772414091811,-0.7966579612130341,-0.3441521517940032,-0.10028543499511242,199.88,313.08,0.4688946925246438,0.5311053074753562,0.5066332952362573,-12.474753379821777,1.5931174755096436
34,3400,-0.47617946010128137,0.7335334869170141,-0.7720926231772387,-0.33243948317634525,-0.10518084066471164,260.6,277.4,0.4852715845485075,0.5147284154514924,0.4919328812593031,-12.819734573364258,2.403521776199341
35,3500,-0.7863227004077622,0.4162967661079305,-0.7540079462346544,-0.32555384677175175,-0.12305767350928644,273.16,356.28,0.4973280358435636,0.5026719641564363,0.477625219299154,-12.787330627441406,1.5219383239746094
36,3600,-0.590598847642904,0.5908261059333111,-0.7440984627288266,-0.32143206269489566,-0.11589442815249269,251.4,341.4,0.5039343581807824,0.4960656418192177,0.46376390194823197,-12.845378875732422,1.2511072158813477
37,3700,-0.691367845759132,0.4866027454846867,-0.7410839921358472,-0.3204134808284014,-0.11647311827956992,233.88,361.88,0.5059440052427685,0.4940559947572315,0.4503195134325037,-12.43391227722168,1.3726027011871338
38,3800,-0.1794134671800832,0.9955069608197264,-0.7443856101788345,-0.32116238380337997,-0.1093724340175953,228.76,330.68,0.5037429265474437,0.4962570734525563,0.4372851776200899,-12.944520950317383,2.4730634689331055
39,3900,-0.3880744756720654,0.7584118606722651,-0.7167579657345425,-0.3093608241777255,-0.12036754643206259,263.72,351.96,0.5221613561769718,0.4778386438230282,0.4246617287094821,-12.712536811828613,3.2068088054656982
40,4000,-0.2407779971572853,0.9280829901896557,-0.7439738336126023,-0.320613448944505,-0.10427370478983383,222.36,311.0,0.5040174442582652,0.4959825557417347,0.4123762422143358,-12.927509307861328,1.460672378540039
41,4100,-0.33820161487725464,0.8105704859803073,-0.7209653415444444,-0.31017626077939314,-0.11763049853372437,281.56,320.12,0.5193564389703704,0.48064356102962963,0.40051296499775996,-12.859010696411133,1.6596286296844482
42,4200,-0.7423014412221124,0.4347646385220857,-0.7315427024202557,-0.3162565151538545,-0.129266862170088,307.0,354.2,0.512304865053163,0.4876951349468371,0.3890728024492237,-13.083500862121582,1.75510835647583
43,4300,-0.19036518275806377,0.867483867595738,-0.6534123543227308,-0.28167618772217556,-0.12276050830889539,246.2,381.72,0.5643917637848461,0.4356082362151538,0.3780212138697628,-12.74480152130127,3.3552663326263428
44,4400,-1.014715023784529,0.15135232507595975,-0.7184553366673607,-0.3115729115088658,-0.13603910068426198,280.04,415.8,0.5210297755550927,0.4789702244449073,0.3672976435647126,-12.729949951171875,1.8435370922088623
45,4500,0.014436851172203724,1.0537994162260889,-0.6435240854106423,-0.2773946868768692,-0.1184437927663734,239.16,366.68,0.5709839430595718,0.4290160569404282,0.35688055172730704,-12.789935111999512,3.6699349880218506
46,4600,-1.0006356438867539,0.12495420507767141,-0.6761827156696952,-0.2952096748392069,-0.15419745845552296,328.44,460.28,0.5492115228868698,0.4507884771131301,0.3467902384375299,-13.170619010925293,3.4400789737701416
47,4700,-0.7087321700737144,0.37325484595541936,-0.6535703331993613,-0.2830872595648654,-0.1453294232649071,319.08,424.28,0.5642864445337592,0.43571355546624096,0.33703189789051535,-12.77267074584961,2.501791477203369
48,4800,-0.4831512162620451,0.6091588284226107,-0.6741531791887542,-0.2915332095819232,-0.1266236559139785,258.6,389.08,0.5505645472074974,0.44943545279250274,0.3274900901514414,-12.571381568908691,2.6916747093200684
49,4900,0.010430829743555166,1.1467816772456036,-0.7236592408731849,-0.3115928774011023,-0.10109872922776147,232.04,285.08,0.5175605060845435,0.4824394939154565,0.31831676495207767,-12.462803840637207,3.4818286895751953
50,5000,0.4310843001476223,1.5308368048684529,-0.7105239579024102,-0.3053497589396325,-0.08387878787878789,185.56,243.48,0.5263173613983931,0.4736826386016068,0.309422856579492,-12.518266677856445,2.4169297218322754
51,5100,-0.5011395319181229,0.530212476749109,-0.6156570074557912,-0.26623654568846894,-0.14945845552297166,350.12,414.36,0.5895619950294726,0.41043800497052735,0.300835288288679,-12.359524726867676,4.069482803344727
52,5200,0.139082161454337,1.237039178292229,-0.7008916960836485,-0.30158144978650137,-0.09548387096774193,215.8,272.6,0.5327388692775678,0.4672611307224323,0.29250181543669335,-12.105777740478516,2.224761724472046
53,5300,-0.45410335757991716,0.487855734483269,-0.5446553039819931,-0.23534875386809417,-0.1619550342130987,363.0,465.4,0.6368964640120046,0.3631035359879954,0.2844349251063822,-12.14625072479248,2.3592286109924316
54,5400,-0.25079711908854474,0.8235942795217359,-0.6671767133008448,-0.287832476120775,-0.11938220918866083,291.96,318.68,0.5552155244661036,0.4447844755338965,0.27663822589737236,-12.386571884155273,2.1657052040100098
55,5500,-0.025778999270806423,1.039065105708276,-0.6676103608090561,-0.28754850467833515,-0.10968523949169111,252.6,308.44,0.5549264261272959,0.445073573872704,0.2691444236513675,-12.097959518432617,4.883768558502197
56,5600,0.38486739434501016,1.528772149616243,-0.732155854922624,-0.31517021022153174,-0.09657869012707725,217.56,276.44,0.5118960967182508,0.48810390328174924,0.26192870340332536,-11.963339805603027,3.736354351043701
57,5700,-0.6704721406110616,0.31397958538551446,-0.5698222676532034,-0.24690316313320654,-0.1677262952101662,399.72,458.2,0.6201184882311978,0.37988151176880225,0.25500682422987025,-12.032787322998047,2.203094720840454
58,5800,-0.6312971650809431,0.39632869728605663,-0.602385948900595,-0.2615488088720742,-0.1636911045943304,381.8,455.48,0.5984093673996033,0.40159063260039685,0.24823223580319442,-12.31340503692627,2.749256134033203
59,5900,0.23444740737763026,1.343993147648171,-0.7009786181014903,-0.30219762070277467,-0.10636950146627566,222.52,321.56,0.5326809212656731,0.4673190787343269,0.24168244857827126,-12.020886421203613,3.165349245071411
60,6000,-0.2512312462454527,0.8050810047305269,-0.6448150785714275,-0.27858612646124803,-0.132911045943304,288.2,391.64,0.5701232809523816,0.42987671904761837,0.2353614778882692,-11.996562004089355,3.649829387664795
61,6100,0.07285241424723034,1.1830075961555842,-0.6968780133795913,-0.3001823493694272,-0.1130948191593353,270.68,307.8,0.5354146577469392,0.46458534225306086,0.2292921571492301,-12.237743377685547,2.1167783737182617
62,6200,-0.8316297316884111,0.19394604777992733,-0.5941176505646603,-0.2568813938108142,-0.17457673509286412,462.76,430.2,0.6039215662902265,0.3960784337097734,0.22328345070098768,-11.598376274108887,4.2641401290893555
63,6300,0.3054217491459954,1.3941397794294017,-0.6815529747615074,-0.29413279745738297,-0.11303225806451613,223.96,354.2,0.5456313501589949,0.4543686498410051,0.2174173276333112,-11.021499633789062,4.030799865722656
64,6400,0.31277141612911163,1.4505676326642085,-0.7249292672838301,-0.31247203234022103,-0.10039491691104593,202.52,311.0,0.5167138218107801,0.48328617818921993,0.21179447658560013,-11.725418090820312,5.918573379516602
65,6500,-0.3459057552556984,0.5728935365974122,-0.5316776270080659,-0.22938950453223922,-0.15773216031280549,359.16,447.64,0.6455482486612893,0.3544517513387106,0.20634523150843417,-12.11588191986084,2.571450710296631
66,6600,0.33727497830359227,1.4088042689800282,-0.6717716682393686,-0.28997854130314726,-0.10977908113391985,191.96,369.56,0.5521522211737544,0.44784777882624566,0.20098054975719146,-11.982789039611816,4.275954723358154
67,6700,0.24444577132103223,1.326755545650052,-0.6740153507677988,-0.29075776666972525,-0.1175366568914956,228.12,373.08,0.5506564328214674,0.44934356717853263,0.19579921840526707,-11.720102310180664,2.831427574157715
68,6800,-0.831790334056462,0.16528680755304648,-0.5600039099484249,-0.24433813879695848,-0.19273509286412513,531.0,454.84,0.6266640600343836,0.3733359399656165,0.19070526238027533,-11.680723190307617,3.7071690559387207
69,6900,-0.5968308628365755,0.35433664195932446,-0.5449543809481497,-0.23559337800219782,-0.1706197458455523,429.88,442.84,0.6366970793679001,0.3633029206320998,0.18567015658927807,-11.19913101196289,3.244760751724243
70,7000,0.3399417971906587,1.4699967765706998,-0.7158665030735482,-0.30841330524099936,-0.10577517106549364,227.8,313.24,0.5227556646176346,0.47724433538236544,0.1808615813945516,-11.500171661376953,4.151017189025879
71,7100,0.09721052830464336,1.1644480467780887,-0.6640589500358581,-0.2864552057787403,-0.11672336265884653,242.84,354.2,0.5572940333094281,0.44270596669057205,0.1761170026365674,-10.819080352783203,2.9645278453826904
72,7200,0.01857844015590337,1.0819317705250986,-0.6589574587988096,-0.28398140431720864,-0.12041446725317692,282.2,333.72,0.5606950274674604,0.43930497253253975,0.17157866451660939,-10.462580680847168,2.5041861534118652
73,7300,-0.9848594921808419,0.12377164601909692,-0.645961850284716,-0.27971718625344366,-0.18295210166177914,512.32,423.48,0.569358766476856,0.430641233523144,0.1671032019765823,-10.840991973876953,3.784271240234375
74,7400,-0.20842897216997827,0.8164284054712754,-0.6308328054868872,-0.2719053150673672,-0.12211925708699903,249.96,374.68,0.5794447963420751,0.42055520365792487,0.16264461420938475,-11.026103973388672,3.6209049224853516
75,7500,-0.946987132514292,0.2973078882091899,-0.7577916213823569,-0.33260310608599325,-0.15390029325513196,378.44,408.76,0.49480558574509553,0.5051944142549045,0.1583265226442892,-10.970972061157227,2.8889598846435547
76,7600,-1.2291488218163107,0.2726425681121843,-0.9511911250218229,-0.4193470879760756,-0.1312531769305963,217.48,453.88,0.36587258331878464,0.6341274166812153,0.15439834264549857,-10.599508285522461,5.062689781188965
77,7700,0.0909183466797598,1.2556962659206312,-0.729606633532773,-0.3154449904979323,-0.11972629521016617,196.44,415.96,0.5135955776448181,0.4864044223551819,0.15088925444496326,-10.487149238586426,3.5561821460723877
78,7800,-0.5987374182384222,0.6337643969997595,-0.7673753799220681,-0.3346943727550189,-0.13043206256109482,209.6,457.56,0.48841641338528796,0.511583586614712,0.14714228248458985,-10.795681953430176,3.2145304679870605
79,7900,-0.7283969417667743,0.5687862063035,-0.821643122362684,-0.35631421925597695,-0.1192258064516129,198.52,411.32,0.4522379184248772,0.5477620815751227,0.14341850005935855,-10.506616592407227,3.073032855987549
80,8000,-0.8769441090096357,0.46079775861457284,-0.8481483361913597,-0.36726313065083543,-0.1223304007820137,242.4,383.32,0.43456777587242695,0.565432224127573,0.1398417086903002,-9.505910873413086,5.920354843139648
81,8100,-0.3312824789413806,0.7914174953871417,-0.6996946014080894,-0.3024657834776176,-0.12053958944281523,214.36,402.2,0.5335369323946072,0.4664630676053928,0.13621670807234074,-9.454202651977539,6.360274791717529
82,8200,0.2843145402098204,1.3401327238631506,-0.6583150882522244,-0.28409547076767444,-0.11340762463343107,220.76,359.32,0.5611232744985171,0.43887672550148293,0.13263238152388634,-10.539185523986816,4.271095275878906
83,8300,0.36570343455391024,1.4397137818021335,-0.680766352303514,-0.2932870056973977,-0.09995698924731183,207.0,304.28,0.5461557651309907,0.45384423486900927,0.12930610769224954,-9.935437202453613,4.072333335876465
84,8400,0.171735107972611,1.2982136912363702,-0.7192558351630894,-0.30979948319353395,-0.09742326490713588,186.04,312.28,0.5204961098912738,0.4795038901087262,0.12675465284738777,-10.517374038696289,4.745743274688721
85,8500,-0.21426480686520155,1.161850093289335,-0.9125027101146236,-0.39210485866161376,-0.07150733137829911,197.48,168.28,0.3916648599235843,0.6083351400764156,0.12598522233019321,-11.24280834197998,2.9222774505615234
86,8600,0.2905388835331623,1.4597369346765487,-0.740403302936446,-0.3180459701033236,-0.11074877810361684,364.6,201.88,0.5063977980423693,0.4936022019576306,0.12444788250332534,-10.907273292541504,3.3615665435791016
87,8700,-0.661148966228718,0.6473540353389892,-0.8361415251348179,-0.3600330306850884,-0.11232844574780058,383.88,190.68,0.4425723165767879,0.557427683423212,0.12238329688278839,-10.920086860656738,2.517192840576172
88,8800,0.20443315032254433,1.3202489262482473,-0.7017189114595568,-0.3024409504876514,-0.11165591397849461,278.36,292.76,0.5321873923602956,0.46781260763970445,0.11981051631996835,-11.003286361694336,4.735852241516113
89,8900,-1.3784578736194228,0.06794294263788977,-0.9250079506270934,-0.39844467403686595,-0.12294819159335287,457.72,171.16,0.383328032915271,0.616671967084729,0.11690105415570728,-9.853572845458984,2.83891224861145
90,9000,0.06881081001898878,1.086807610153964,-0.6269746469893932,-0.2707328080820433,-0.12028934506353861,233.56,381.72,0.5820169020070712,0.4179830979929288,0.11391573328481748,-9.63138484954834,2.1554808616638184
91,9100,-0.8786614536682431,0.4074058809567711,-0.8224041988902825,-0.35389969487451667,-0.10976344086021506,343.24,218.2,0.4517305340731449,0.5482694659268551,0.11093479051251859,-10.56822395324707,2.542743682861328
92,9200,-0.1644346560129379,0.9568522218435246,-0.7102832951100126,-0.3065812953564206,-0.10442228739002933,207.12,327.0,0.5264778032599916,0.47352219674000834,0.10811845624424629,-9.806720733642578,1.5915911197662354
93,9300,0.12608310306694956,1.203133185597637,-0.6751449253699218,-0.29137534288901606,-0.11052981427174975,226.52,338.84,0.5499033830867187,0.4500966169132811,0.10581583239480595,-9.430302619934082,3.203462600708008
94,9400,0.33130136114043574,1.4296282061603423,-0.6943727089136982,-0.29911738146300193,-0.10483675464320624,241.56,294.68,0.5370848607242013,0.4629151392757988,0.10362219085590378,-9.69430160522461,1.9471057653427124
95,9500,-1.213313701985075,0.36265399445186836,-1.0484945218194104,-0.45064815017960547,-0.07682502443792766,262.76,130.2,0.301003652120393,0.6989963478796071,0.10129143349065416,-9.695281982421875,2.653707504272461
96,9600,-1.0117701519467048,0.41099622391299123,-0.9333060422235786,-0.401006765698678,-0.08845356793743891,272.16,180.28,0.3777959718509476,0.6222040281490524,0.09902483463496747,-9.488353729248047,2.771322250366211
97,9700,-0.46866153851022707,0.5683898177612522,-0.6456894150421543,-0.2782749422068421,-0.11308699902248287,237.04,341.4,0.569540389971897,0.43045961002810296,0.09643912047382193,-8.773025512695312,2.1448206901550293
98,9800,0.14533667473651737,1.253572194117735,-0.6952354490654109,-0.29927964020828013,-0.11372043010752689,303.0,278.68,0.5365097006230594,0.46349029937694064,0.0939654507260374,-9.569792747497559,2.8196938037872314
99,9900,-0.04921487644812201,0.9671950102671922,-0.6203442076011775,-0.2677059528189267,-0.1283597262952102,292.12,364.44,0.5864371949325483,0.41356280506745163,0.0917014453344582,-9.019712448120117,2.3529152870178223
100,10000,-1.3703126437678557,0.08538026955316029,-0.9600290088438342,-0.41414679792781706,-0.0815171065493646,259.88,157.08,0.35998066077077717,0.6400193392292227,0.08948575887611318,-9.264900207519531,2.9894495010375977
101,10100,-0.9753475340330355,0.29281266868820316,-0.8174204745928872,-0.3526204710413524,-0.09811925708699903,264.16,237.72,0.4550530169380751,0.5449469830619249,0.08717961352567108,-8.845190048217773,2.900320053100586
102,10200,0.2628790429105943,1.3711203692348348,-0.6951898269963944,-0.29945619140995733,-0.11359530791788858,276.76,304.28,0.536540115335737,0.46345988466426297,0.08485107043737705,-8.71051025390625,4.6117143630981445
103,10300,-0.0033076895495684133,1.003653469597343,-0.6196271233126114,-0.2675451795293144,-0.11978885630498533,256.6,356.12,0.5869152511249256,0.41308474887507435,0.08311294703542109,-8.798145294189453,2.843904972076416
104,10400,-0.264615424369875,0.7496591489733023,-0.6314648717557421,-0.2722642470419807,-0.11054545454545453,232.68,332.76,0.5790234188295053,0.4209765811704947,0.08168602682130506,-8.714899063110352,2.8490281105041504
105,10500,-0.14658991118629025,0.9036051848062198,-0.661598852039999,-0.2847604668264114,-0.1038357771260997,240.6,290.52,0.5589340986400007,0.44106590135999924,0.08043400296691801,-8.523581504821777,2.4819986820220947
106,10600,-0.636060106804201,0.6972403040545343,-0.8838615390813758,-0.37947992749583465,-0.06995894428152492,199.8,158.04,0.41075897394574956,0.5892410260542504,0.07936511118391679,-9.420745849609375,2.6251425743103027
107,10700,0.5284578806279985,1.7765902821072501,-0.7989888328125595,-0.343618641980475,-0.10552492668621699,295.32,244.44,0.4673407781249604,0.5326592218750396,0.07821639899709996,-8.103825569152832,2.707585573196411
108,10800,-0.8349718167181084,0.5218160424692843,-0.8921367575771524,-0.3830792541029087,-0.08157184750733139,210.72,206.52,0.4052421616152316,0.5947578383847685,0.07669240229829292,-8.336116790771484,2.461884021759033
109,10900,-0.02471254869111174,0.9588705169594358,-0.6065024858411969,-0.26135819466761057,-0.11572238514173998,264.6,327.32,0.5956650094392021,0.40433499056079797,0.07456362612624019,-8.038291931152344,3.0680172443389893
110,11000,-0.3043151038755981,0.7150331863455189,-0.6193340785048118,-0.2679555606899122,-0.13205865102639297,280.32,395.16,0.5871106143301256,0.41288938566987454,0.07276677639093189,-8.031316757202148,2.375422954559326
111,11100,-0.35789559639147067,0.6862466731288369,-0.6311852131199294,-0.27239791661543195,-0.14055913978494622,331.48,387.48,0.579209857920047,0.4207901420799529,0.07128329618674073,-7.663430213928223,1.7453200817108154
112,11200,-0.6288221436104299,0.47244544298470104,-0.6702825816981519,-0.289917556216627,-0.14106744868035193,341.12,380.44,0.5531449455345654,0.44685505446543466,0.06984972434771614,-7.640850067138672,3.5657949447631836
113,11300,-1.0851920886709143,0.128813469932442,-0.7356952040803804,-0.3201246262727315,-0.15818572825024438,380.68,428.44,0.5095365306130799,0.4904634693869202,0.06819145533256907,-7.992734909057617,2.34069561958313
114,11400,-0.07589333876443598,1.0141356067482767,-0.6785778530774692,-0.29264757337365965,-0.11880351906158358,292.52,315.16,0.5476147646150205,0.4523852353849795,0.06639942455954564,-7.605201244354248,3.1665148735046387
115,11500,-1.1337931302195854,0.10683284241706835,-0.7580973326166146,-0.33094310727321596,-0.15158553274682307,370.6,404.76,0.49460177825559026,0.5053982217444097,0.06463565310667944,-7.027379035949707,2.0522818565368652
116,11600,0.3144873301799638,1.431059877232515,-0.7066143057011816,-0.3043081924755148,-0.10565004887585533,245.4,295.0,0.5289237961992125,0.4710762038007876,0.06317578849939831,-7.879973411560059,3.474602222442627
117,11700,-0.4644589454528774,0.6711376623511585,-0.7182767268366327,-0.3104186101951647,-0.1069012707722385,235.16,311.64,0.5211488487755783,0.47885115122442173,0.06228729060557572,-7.7772674560546875,2.6858749389648438
118,11800,-1.3416892367518454,0.1250776057250108,-0.9501540157993422,-0.4211915168045913,-0.09542130987292277,217.56,270.52,0.36656398946710533,0.6334360105328948,0.061540871295421615,-7.036626815795898,1.78025221824646
119,11900,0.6561651019975565,1.689714823874511,-0.6608733096583194,-0.2843557866076866,-0.0883206256109482,198.04,253.72,0.5594177935611203,0.44058220643887963,0.060835602302590296,-7.579324245452881,2.12099027633667
120,12000,-1.009555345162034,0.28064831396408496,-0.8156785675624328,-0.3622279263632951,-0.11229716520039101,247.72,326.68,0.4562142882917113,0.5437857117082887,0.06005804707344157,-7.640259265899658,3.1240530014038086
121,12100,-1.304523083000895,0.13389783580891113,-0.9190802117483158,-0.41146973931955516,-0.1078709677419355,230.2,321.56,0.38727985883445626,0.6127201411655437,0.05919647222744698,-7.323944091796875,2.6457443237304688
122,12200,-1.2539892571775142,0.20077370043100473,-0.9177106974802771,-0.4202741565114285,-0.11677810361681332,230.96,366.36,0.38819286834648187,0.6118071316535181,0.05831112750788185,-7.638769149780273,1.5670385360717773
123,12300,0.258997969545459,1.415922799203387,-0.7275607327541727,-0.3135791506671958,-0.11578494623655913,259.16,333.08,0.5149595114972183,0.48504048850278175,0.05721660469197534,-6.579689025878906,2.882719039916992
124,12400,-0.06878649530445417,0.982266993884408,-0.6555013220052389,-0.28239478692946895,-0.11315738025415444,253.4,325.4,0.5629991186631742,0.43700088133682585,0.0562895094009109,-7.78759765625,1.8657845258712769
125,12500,-0.05783577817218708,1.099380774926959,-0.7354684562792407,-0.31659853670260324,-0.10514956011730206,240.6,297.24,0.5096876958138394,0.49031230418616056,0.0555666540638031,-6.82124137878418,2.3366708755493164
126,12600,-1.0967759778378738,0.11838669892933744,-0.7696230718015028,-0.3331329578493842,-0.11240664711632457,317.4,257.56,0.4869179521323316,0.5130820478676684,0.054773507318389925,-6.68620491027832,3.0131266117095947
127,12700,0.13083325690662634,1.3142335637051112,-0.7549050591511017,-0.32515995927983665,-0.10333528836754644,223.32,305.24,0.4967299605659321,0.5032700394340678,0.05410271917147084,-7.381662845611572,2.061077117919922
128,12800,0.06720846625358717,1.2416544307551651,-0.7504994928399938,-0.32311362708680397,-0.10083284457478005,219.8,295.96,0.4996670047733376,0.5003329952266625,0.05354475082614577,-6.216970443725586,2.0640106201171875
129,12900,-0.6666258303742252,0.4055457292161117,-0.6685146973311827,-0.28859918874986773,-0.11505767350928642,287.44,301.08,0.5543235351125447,0.4456764648874552,0.05289874634601237,-7.36250114440918,2.5633645057678223
130,13000,0.13997723138893492,1.3981238245132324,-0.8120536118282922,-0.3491389246000128,-0.09695405669599218,232.92,263.0,0.4586309254478052,0.5413690745521949,0.052415554335760374,-5.666925430297852,3.462533712387085
131,13100,-1.4460644324532708,0.15769870470944364,-1.0661111332923077,-0.4628523948772498,-0.07479960899315738,239.92,142.68,0.28925924447179496,0.7107407555282049,0.05200770285418274,-6.602269172668457,2.260043144226074
132,13200,0.07792995107316511,1.3607120731619469,-0.8382451465740016,-0.3602202599722583,-0.08431671554252196,212.44,218.84,0.441169902283999,0.558830097716001,0.051777087083311,-6.629356861114502,3.1229255199432373
133,13300,-1.2452512849795212,0.21260504391992893,-0.9539524004879393,-0.4144884836412275,-0.08941544477028347,257.72,199.64,0.36403173300804054,0.6359682669919594,0.05149275929671438,-6.353983402252197,3.9361743927001953
134,13400,0.07693821318239932,1.3532004374970292,-0.833159626527165,-0.35803514910711337,-0.08506744868035192,220.12,215.0,0.44456024898189,0.55543975101811,0.05100091948620536,-6.5529046058654785,3.4948325157165527
135,13500,-0.5837866421020513,0.5038317396161189,-0.6829624045020749,-0.2945953711554894,-0.11006060606060605,251.0,311.96,0.5446917303319501,0.45530826966804994,0.050493705150668665,-6.3158979415893555,3.259289264678955
136,13600,-0.861198311818621,0.2988729471788891,-0.7265203560202625,-0.31528697335847927,-0.11826392961876835,243.04,361.88,0.5156530959864914,0.4843469040135085,0.0499646533304765,-6.01065731048584,3.1066386699676514
137,13700,-0.47383138821717957,0.5808287506347813,-0.6260885556297833,-0.2731385431439764,-0.15543304007820138,175.24,619.8,0.5826076295801443,0.4173923704198556,0.04931280219282921,-5.876968860626221,4.234343528747559
138,13800,0.3883652181201006,1.5887642708217147,-0.6880206668051297,-0.30312716400010087,-0.20925122189638315,92.12,978.2,0.5413195554632467,0.4586804445367532,0.048783676689620914,-5.783001899719238,3.2346034049987793
139,13900,-0.5441588698445714,0.704311097347258,-0.7274537452121588,-0.32098494143226114,-0.20003128054740954,97.44,925.72,0.5150308365252274,0.48496916347477254,0.0498821678557219,-6.418669700622559,3.466719627380371
140,14000,-1.5311825163171597,0.13989873887004556,-1.0653358959571293,-0.4723416446650711,-0.13340371456500488,48.0,634.36,0.2897760693619139,0.7102239306380861,0.05175104648667973,-6.041749954223633,3.4680402278900146
141,14100,0.21721385843076316,1.4913331563408492,-0.7506311630765871,-0.3297520644522667,-0.19373607038123164,112.92,878.04,0.49957922461560855,0.5004207753843914,0.05304117638072627,-6.135553359985352,3.9152984619140625
142,14200,-0.7497714857318569,0.5316474507752277,-0.7968183981943892,-0.34720855395296873,-0.13739198435972633,171.28,531.48,0.46878773453707384,0.5312122654629261,0.053790703252008513,-6.82930850982666,4.371829986572266
143,14300,-0.24468571731162453,1.046428487778073,-0.7901641299002113,-0.3448992442999455,-0.15605083088954058,177.76,620.44,0.47322391339985914,0.5267760866001409,0.05387677449910848,-6.580358028411865,3.5686869621276855
144,14400,-0.4286850824981392,0.7945575693521085,-0.7354417123515249,-0.32182635494349326,-0.16597458455522973,158.12,690.84,0.5097055250989834,0.4902944749010166,0.05470381651506434,-5.671376705169678,2.9032764434814453
145,14500,-0.2774375089093606,0.9952109977847243,-0.7668420754981559,-0.33546821027706275,-0.17033822091886605,158.68,712.6,0.4887719496678961,0.511228050332104,0.05567453212485439,-6.1140289306640625,3.5891637802124023
146,14600,-0.708966264506078,0.6307583643574683,-0.8390108838095813,-0.3653315358653041,-0.13538220918866078,133.96,558.52,0.44065941079361237,0.5593405892063876,0.05630286434744723,-5.695453643798828,2.4439640045166016
147,14700,-0.3801873835308819,0.8842106989817458,-0.7945225274826777,-0.3441903155382592,-0.1256852394916911,205.48,437.4,0.47031831501154825,0.5296816849884518,0.05660310337224356,-6.449223041534424,4.5716552734375
148,14800,-0.8428092068882802,0.5117138112214873,-0.8758506630109983,-0.37854332284070435,-0.10012903225806452,218.12,294.04,0.4160995579926678,0.5839004420073323,0.05676990681353881,-5.298250675201416,3.606067419052124
149,14900,-1.0886631546105052,0.41949228394116966,-0.9998018244603308,-0.4309890002106013,-0.07736461388074292,222.96,172.76,0.3334654503597795,0.6665345496402206,0.05763017468059317,-4.693394184112549,2.724795341491699
150,15000,-1.4688864565183146,0.22470146939521318,-1.154080279078534,-0.49584782278807304,-0.043659824046920814,152.48,70.84,0.23061314728097723,0.7693868527190229,0.058265962026072635,-6.244062900543213,4.988953113555908
151,15100,-0.33699280352654315,0.9224361047049012,-0.7720856216739985,-0.33549186915764123,-0.15185141739980448,259.32,517.4,0.48527625221733417,0.5147237477826657,0.057910313337793326,-5.288869380950928,3.178380012512207
152,15200,-1.1825489594393448,0.29972131383676315,-0.9564454691475445,-0.41418453042377346,-0.11164027370478984,309.48,261.56,0.36236968723497043,0.6376303127650296,0.057785991627735435,-5.492459774017334,3.7150635719299316
153,15300,0.09555922098019426,1.2804893355520135,-0.733360356313188,-0.3172041668607823,-0.13436559139784948,258.84,428.44,0.5110930957912081,0.4889069042087918,0.058625947382509085,-6.038133144378662,3.290769100189209
154,15400,-0.9806474253291089,0.458131414814479,-0.9356107100418576,-0.40792668337641247,-0.09524144672531769,206.24,280.92,0.3762595266387617,0.6237404733612384,0.060220701150030885,-5.832243919372559,4.051780700683594
155,15500,0.11383187587562414,1.2639046439621946,-0.729266582448928,-0.31396747596022295,-0.10683870967741935,280.6,265.88,0.5138222783673814,0.4861777216326187,0.06174093234485488,-4.94910192489624,3.5712366104125977
156,15600,-1.1928425940647691,0.31680917552582544,-0.9948171850872762,-0.43336439877506794,-0.08147018572825024,147.96,268.76,0.3367885432751492,0.6632114567248507,0.06248283574346633,-5.0517578125,3.9512805938720703
157,15700,0.09190717423208429,1.24678014344433,-0.725425331713437,-0.3125365915555045,-0.116911045943304,302.04,295.96,0.5163831121910419,0.4836168878089581,0.0620441448300056,-5.324729919433594,4.165092468261719
158,15800,-0.42362813456001674,0.6652739823034963,-0.6697078389572817,-0.2901776601154198,-0.12901661779081133,269.88,390.04,0.553528107361812,0.44647189263818793,0.06110486026734687,-5.315925121307373,4.952850818634033
159,15900,0.3723612223344256,1.542384281019483,-0.7309256346676993,-0.3153046576439467,-0.12379276637341154,303.96,329.24,0.5127162435548671,0.48728375644513283,0.06027133343573492,-4.550351619720459,4.221559524536133
160,16000,0.1549363633216648,1.3025550827794625,-0.7146892814600594,-0.308260816296859,-0.12466862170087976,311.0,326.68,0.523540479026627,0.4764595209733729,0.060704276934105086,-4.473574638366699,4.448742866516113
161,16100,-0.16853705258430357,0.9391998950392846,-0.6859212809829054,-0.29614606742269656,-0.12566959921798632,284.12,358.68,0.5427191460113964,0.4572808539886036,0.061332611057348344,-4.007300853729248,3.0866684913635254
162,16200,0.46291237965437815,1.610355129535683,-0.7145503569789069,-0.3081612101066993,-0.12473118279569893,290.2,347.8,0.5236330953473953,0.4763669046526047,0.06220050570456648,-4.92267370223999,2.6419482231140137
163,16300,0.47879605982526613,1.6306035532281393,-0.7206802295174577,-0.3110256021063343,-0.12010166177908113,246.04,368.28,0.519546513655028,0.4804534863449719,0.06279317990971305,-4.199848651885986,3.2045984268188477
164,16400,0.07879298038829971,1.1849575247536288,-0.6854512464273111,-0.29573187076304275,-0.12498142717497557,288.28,351.0,0.5430325023817926,0.4569674976182075,0.06376183714703955,-4.98861837387085,2.6357903480529785
165,16500,-1.5670279114838481,0.08744373007651765,-1.0772774862048495,-0.4630514378579597,-0.11414271749755622,497.64,86.2,0.2818150091967669,0.7181849908032332,0.06444371008232629,-5.440791130065918,2.518902063369751
166,16600,0.2405175357161288,1.395216472923244,-0.7216792583748175,-0.3111663063982799,-0.1218533724340176,303.0,320.28,0.5188804944167882,0.48111950558321176,0.06465478016882424,-3.7573328018188477,2.758585214614868
167,16700,-0.18924183719859944,0.9218451103273223,-0.679606771637171,-0.29384576728660056,-0.1376344086021505,276.52,427.48,0.5469288189085527,0.45307118109144723,0.06498970096862859,-4.045174598693848,3.942999839782715
168,16800,-0.07172184276075573,0.9390624123694304,-0.5978950717023738,-0.2594424581101194,-0.15344672531769307,247.96,536.92,0.6014032855317508,0.3985967144682491,0.064374821432709,-4.273457050323486,3.6696174144744873
169,16900,0.037334737860544476,1.0834890670358643,-0.6355057327756135,-0.2746564165365589,-0.1359921798631476,278.68,416.92,0.5763295114829244,0.4236704885170755,0.06346121389415454,-4.439745903015137,3.5584535598754883
170,17000,-1.2155202661031488,0.24824559068593174,-0.9339678919856587,-0.4019856480878791,-0.12781231671554252,482.6,171.16,0.3773547386762276,0.6226452613237724,0.0625762952955794,-3.6573233604431152,3.9677364826202393
171,17100,-1.2855002799743367,0.14562926260298026,-0.9092463477105511,-0.39244428968592515,-0.12943890518084067,461.48,200.6,0.39383576819296595,0.606164231807034,0.06102810320602531,-3.4686856269836426,3.465146780014038
172,17200,-0.08225461879752892,0.960592203319396,-0.6335976890917411,-0.27469585834287696,-0.13455327468230696,206.68,481.56,0.5776015406055061,0.42239845939449405,0.05959533189299282,-3.9001712799072266,2.953202247619629
173,17300,-0.1956265460352803,0.8048333517535479,-0.6032128547927832,-0.26131742422771653,-0.13592961876832846,219.48,475.8,0.5978580968048113,0.4021419031951887,0.05833503072796327,-2.111984968185425,3.0133352279663086
174,17400,0.0040285530666158064,1.035668528909878,-0.6268037042560756,-0.2713465355168054,-0.13348973607038125,240.28,442.52,0.5821308638292829,0.41786913617071714,0.058468883154091364,-2.7429850101470947,4.183474540710449
175,17500,-0.332201014777845,0.6636170505830414,-0.5978229036980204,-0.25865596322689344,-0.13933919843597262,268.6,444.12,0.6014513975346532,0.39854860246534685,0.057685587664753984,-3.4024434089660645,5.270208358764648
176,17600,-0.31548523135544465,0.6944548950643976,-0.6088634688913165,-0.26320764482080333,-0.13786901270772237,287.96,417.24,0.5940910207391223,0.4059089792608777,0.056919340058496665,-2.4120821952819824,3.9697303771972656
177,17700,-0.0975760185009837,0.9157831478150049,-0.6148226437780966,-0.26560983632088336,-0.1329266862170088,286.04,393.88,0.590118237481269,0.40988176251873104,0.05743587438240061,-3.389394521713257,3.8972115516662598
178,17800,0.5031792029106019,1.5519187971818789,-0.6467000116921889,-0.2788098660590486,-0.1232297165200391,305.56,324.76,0.5688666588718738,0.43113334112812607,0.05787203947249312,-2.9285454750061035,4.32270622253418
179,17900,0.08738274580133122,1.1567137326697088,-0.655924378591245,-0.28304492694770933,-0.13036168132942325,306.2,360.6,0.56271708093917,0.43728291906083,0.057736043126870334,-3.575212240219116,3.6077022552490234
180,18000,-1.1336738055627524,0.2705833323768354,-0.8865703788247856,-0.3840171598968158,-0.13366959921798632,465.2,218.52,0.40895308078347603,0.5910469192165239,0.058934808583259085,-3.6210694313049316,6.335289001464844
181,18100,0.03573662592815605,1.1221678639997068,-0.6671947073938641,-0.2878113107363379,-0.131425219941349,335.32,336.92,0.5552035284040907,0.44479647159590924,0.05912980920696795,-2.727114200592041,6.358595848083496
182,18200,-0.03363320514604544,1.1238586000592172,-0.719572703873971,-0.3100598637946343,-0.1278592375366569,333.72,320.28,0.5202848640840193,0.47971513591598075,0.05963016743311254,-2.840296983718872,3.682100772857666
183,18300,-0.5240516883911174,0.6446909402432065,-0.7209565905102593,-0.31158271456590225,-0.13620332355816228,351.76,344.92,0.5193622729931604,0.4806377270068396,0.05958535826634385,-2.0638985633850098,4.304314613342285
184,18400,-1.0400183870149216,0.3118919874759569,-0.851831065673506,-0.3685446069600898,-0.1315347018572825,411.24,261.56,0.4321126228843295,0.5678873771156706,0.05880152976139054,-2.4824535846710205,4.877439022064209
185,18500,-0.06030398695608047,1.1412090482343025,-0.7586628996284718,-0.32675238385125643,-0.11609775171065491,298.2,295.64,0.49422473358101887,0.5057752664189811,0.05864356169710444,-1.6530189514160156,3.747753858566284
186,18600,-0.34873698028608496,0.7427391995136157,-0.6701875993916285,-0.28940979252928445,-0.1318787878787879,268.52,406.04,0.5532082670722478,0.44679173292775226,0.05755350098813625,-1.9641426801681519,5.89699649810791
187,18700,-0.8398933764156584,0.48204028313929903,-0.8468364241714318,-0.3660454269768784,-0.1090518084066471,275.28,282.52,0.43544238388571216,0.5645576161142878,0.056389836154712866,-2.4955508708953857,4.72784423828125
188,18800,-1.126838568225893,0.2870809702914006,-0.9076754523208206,-0.3923281526676361,-0.11391593352883678,331.84,250.84,0.39488303178611966,0.6051169682138804,0.05712853480002552,-2.781205177307129,4.022184371948242
189,18900,-0.01428224992968823,1.3131651452401878,-0.858042807375766,-0.3693850374519789,-0.10001955034213098,221.72,289.88,0.4279714617494893,0.5720285382505107,0.057079467587053116,-2.255952835083008,5.999955177307129
190,19000,-0.7583063370694125,0.5683159484035458,-0.8556106313816129,-0.37023355047453216,-0.1007781036168133,216.96,298.52,0.4295929124122581,0.570407087587742,0.059236257543430273,-2.0848207473754883,4.380443096160889
191,19100,-0.27086720266922065,1.0403879334539565,-0.8473077276694508,-0.364616030154606,-0.09933137829912024,230.68,277.4,0.43512818155369937,0.5648718184463006,0.06065828461157861,-2.6900711059570312,7.029939651489258
192,19200,-1.406276542658973,0.1445854779582653,-1.0283044069404408,-0.4452477407540211,-0.07730987292277615,164.44,231.0,0.3144637287063728,0.6855362712936273,0.061357826004872086,-1.9416160583496094,3.7340917587280273
193,19300,0.0004939256926208413,1.2162774301303303,-0.7700782577800152,-0.3317971332657098,-0.11390811339198438,245.4,337.24,0.4866144948133232,0.5133855051866769,0.06099000803898835,-1.4597835540771484,4.131342887878418
194,19400,0.4777020464299898,1.7442259402975224,-0.8159279265913105,-0.35132715007192106,-0.09926881720430109,216.92,290.84,0.4560480489391263,0.5439519510608737,0.06028699855933291,-2.006279706954956,4.832047939300537
195,19500,0.008403663062176681,1.2872978554394126,-0.8193076511339054,-0.3528729537555494,-0.10671358748778101,236.12,309.72,0.453794899244063,0.546205100755937,0.059368016325519454,-1.0447964668273926,4.021983623504639
196,19600,-1.3993559723732583,0.11308451023695591,-0.9733185243787164,-0.4251825642921038,-0.11393939393939392,317.4,265.4,0.3511209837475224,0.6488790162524777,0.05808152289642549,-1.58457350730896,4.256613731384277
197,19700,-0.2563091270973034,0.6306686290127838,-0.490213987259585,-0.212404042555292,-0.1843597262952102,383.36,559.64,0.6731906751602765,0.3268093248397234,0.05690193160522219,-0.4694601595401764,4.023512363433838
198,19800,-0.04223347221105689,1.0930617093266128,-0.7087729525845069,-0.30585751732070926,-0.12066471163245358,211.8,405.4,0.5274846982769954,0.47251530172300454,0.05567177123400171,-1.0354140996932983,4.611391067504883
199,19900,0.12022592923858592,1.286660463596917,-0.7328939506012917,-0.3157536824862677,-0.11778690127077224,241.24,361.24,0.5114040329324723,0.48859596706752767,0.05667656506098738,-1.7979190349578857,3.205090045928955
200,20000,-0.5348883145771616,0.8975215625657151,-0.9482891410414414,-0.4082184878120904,-0.07590224828934507,170.68,217.56,0.36780723930570575,0.6321927606942943,0.064221109305094,-2.428386688232422,4.871110439300537
201,20100,0.14356785210070247,1.328654016841072,-0.7559687887325608,-0.3258446487350814,-0.1032727272727273,198.36,329.88,0.4960208075116261,0.5039791924883739,0.06791630690652654,-3.4928901195526123,3.888669967651367
202,20200,-1.682498092577978,0.23728232404660488,-1.321936289350966,-0.5684404127086117,-0.02940371456500489,67.4,83.0,0.1187091404326892,0.8812908595673108,0.07024782332378413,-4.10914945602417,3.6053998470306396
203,20300,-0.950415116038317,0.5867130130225459,-1.0118392730830588,-0.43806304952619113,-0.0872258064516129,73.08,373.08,0.32544048461129416,0.6745595153887058,0.07185507139039844,-3.4148316383361816,4.3915228843688965
204,20400,-1.5330639276219324,0.31114964380611804,-1.2528060673636465,-0.5435795470751561,-0.047827956989247314,39.24,205.4,0.16479595509090214,0.8352040449090977,0.0726455216143598,-3.3055543899536133,2.233236789703369
205,20500,0.12159453818873384,1.1540159204539195,-0.5846778383789328,-0.2559546875812675,-0.19178885630498538,106.8,874.2,0.6102147744140448,0.3897852255859553,0.07325132531455548,-3.996692180633545,2.0343027114868164
206,20600,0.15091935697527512,1.249316538528673,-0.6522386491107287,-0.2849229508199911,-0.16123558162267845,92.28,732.44,0.5651742339261808,0.4348257660738192,0.07429092365143933,-3.438527822494507,2.7339303493499756
207,20700,0.0746551085351036,1.1923046971991405,-0.6779328775168619,-0.2954664667678982,-0.14425024437927664,91.16,646.68,0.548044748322092,0.4519552516779079,0.07471877027688954,-3.11590313911438,3.6464009284973145
208,20800,-1.7663014567987614,0.1829898688841508,-1.3412788552591461,-0.580673271987793,-0.027339198435972635,30.6,109.24,0.10581409649390247,0.8941859035060976,0.07479844283750553,-3.0370962619781494,4.676877975463867
209,20900,0.6996939016904697,1.9099326681391324,-0.759404410270769,-0.3302322056402593,-0.12060215053763441,70.04,546.84,0.4937303931528207,0.5062696068471793,0.07467652660132972,-3.401092529296875,2.9872641563415527
210,21000,0.6731280867796227,1.8944842598048226,-0.7666883855926626,-0.3335025870415303,-0.12116520039100682,67.8,551.96,0.4888744096048916,0.5111255903951084,0.07405498112169447,-3.264660596847534,3.4064078330993652
211,21100,-1.837449637287191,0.10481689575925268,-1.3314461748749635,-0.5767089212213335,-0.03411143695014662,36.92,137.56,0.1123692167500242,0.8876307832499758,0.07414884733111587,-3.791405200958252,4.664190769195557
212,21200,-0.572009282976409,0.8954200902411713,-0.9489638959948646,-0.41280760821000834,-0.1056578690127077,52.8,487.64,0.3673574026700904,0.6326425973299097,0.07435150681871051,-4.259264945983887,4.312543869018555
213,21300,-0.22248640726628313,1.0765492384198168,-0.8223261751869706,-0.3578903111638407,-0.11881915933528836,67.96,539.8,0.4517825498753528,0.5482174501246472,0.07521671191891031,-3.562573194503784,3.5980262756347656
214,21400,-0.11077120419876069,1.147806552542101,-0.7931208556444088,-0.3451675560329145,-0.12028934506353861,71.0,544.28,0.47125276290372753,0.5287472370962726,0.07677148864275055,-4.036046028137207,2.364508628845215
215,21500,-1.2965502843981633,0.23837320835251863,-1.0224842229485487,-0.4419329159409409,-0.07050635386119257,59.56,301.08,0.3183438513676343,0.6816561486323657,0.07803212933351113,-3.318305492401123,3.003612995147705
216,21600,0.6086816898489495,1.8041498051180596,-0.7444860395793707,-0.32406125457537016,-0.1269208211143695,81.88,567.32,0.5036759736137529,0.49632402638624706,0.07914801245445202,-3.2566051483154297,2.9641175270080566
217,21700,0.24846397370379958,1.4347925614477697,-0.7410835376381187,-0.32220301687026986,-0.1230420332355816,100.44,528.92,0.5059443082412541,0.4940556917587459,0.07977611943410029,-3.743424415588379,2.8388094902038574
218,21800,-0.36307259950614174,0.7404147557271186,-0.6942768606137976,-0.3007060957924832,-0.10850439882697946,118.56,436.44,0.5371487595908017,0.46285124040919834,0.07956504770281919,-3.6504859924316406,4.067875862121582
219,21900,-0.6385346144195191,0.4054900660025891,-0.657947020049481,-0.28408743554369253,-0.10199022482893451,162.36,359.32,0.5613686533003459,0.43863134669965403,0.07750436907819053,-3.1007943153381348,3.2894303798675537
220,22000,0.002881258690057249,1.140614077509608,-0.716045403518651,-0.31040686789132044,-0.11128054740957967,100.44,468.76,0.5226363976542328,0.47736360234576725,0.07510605673883758,-3.2164347171783447,5.532585144042969
221,22100,-0.09644559086151654,1.139884635106183,-0.7830748682167326,-0.3400979774968127,-0.11315738025415444,90.84,487.96,0.4779500878555117,0.5220499121444881,0.07270836857620004,-3.029325008392334,4.000067234039307
222,22200,0.0764434732364107,1.2736866739412642,-0.7530082314907125,-0.32719880108119864,-0.1170361681329423,111.32,487.32,0.49799451233952496,0.5020054876604749,0.07023874628494503,-3.780834913253784,5.429129600524902
223,22300,-0.023361015597510023,1.1808524199206054,-0.7580818623139969,-0.3292830883556338,-0.11684848484848484,111.0,486.68,0.4946120917906688,0.5053879082093312,0.06837447416719782,-2.5327906608581543,2.6239047050476074
224,22400,-0.32984196715918757,0.6798724253780855,-0.6273129717883288,-0.2711990747078884,-0.11120234604105571,179.4,389.4,0.5817913521411141,0.418208647858886,0.06690069155666879,-3.083787679672241,3.0527725219726562
225,22500,-0.5849406214541586,0.6577472090024103,-0.7965491994114821,-0.34469581579582,-0.10144281524926685,184.2,334.68,0.4689672003923453,0.5310327996076548,0.06669914385834055,-2.8801910877227783,4.6280012130737305
226,22600,-0.21220863811324756,0.9139722786588138,-0.7153525354803209,-0.30949504795840715,-0.10133333333333333,113.56,404.76,0.5230983096797861,0.4769016903202139,0.06640137178344133,-2.9446611404418945,4.016376495361328
227,22700,0.05220659293957246,1.2369032168976835,-0.7479264464460955,-0.3246763358697867,-0.11209384164222876,109.72,463.64,0.5013823690359362,0.49861763096406375,0.06598209457152335,-1.969917893409729,2.879662275314331
228,22800,0.14094268827247494,1.2872408766424925,-0.7202481811689974,-0.31264238256758936,-0.1134076246334311,112.6,467.48,0.5198345458873352,0.48016545411266476,0.06579087438038972,-3.1619763374328613,3.397550582885742
229,22900,-0.9092064498744926,0.49897957955265654,-0.92546161902114,-0.4005582324978956,-0.0821661779081134,209.44,210.84,0.38302558731924,0.61697441268076,0.065771850296308,-2.9383385181427,2.808276414871216
230,23000,-0.11318150944878265,1.038608462451604,-0.7290885991956694,-0.3161129074065746,-0.1065884652981427,96.28,448.92,0.5139409338695538,0.48605906613044636,0.06622035035825573,-3.1694600582122803,4.949028015136719
231,23100,-1.5033418693478262,0.2545760011925081,-1.1890176169339504,-0.5120478586894728,-0.05685239491691104,138.2,152.6,0.20732158871069983,0.7926784112893002,0.06630781132872758,-2.9640560150146484,3.746413469314575
232,23200,0.028919513170412362,1.1771743400279635,-0.7274124433875592,-0.31512977349931753,-0.10571260997067446,103.96,436.76,0.5150583710749604,0.4849416289250395,0.06907757244976652,-3.0932154655456543,3.5313756465911865
233,23300,-0.1769562147191728,0.9971553484620648,-0.7440511374834914,-0.3226586661669545,-0.10740175953079177,94.04,455.32,0.503965908344339,0.49603409165566104,0.07109077936455636,-2.597034215927124,2.0679798126220703
234,23400,-1.4949729248152275,0.22170303148255116,-1.1586272273636002,-0.4997808892469837,-0.05826783968719453,163.68,134.36,0.22758184842426654,0.7724181515757335,0.07254639742222516,-2.0561680793762207,3.6225199699401855
235,23500,-0.5785933839596725,0.6930549833395142,-0.8212483395607119,-0.35504909909722343,-0.09535092864125122,130.8,356.92,0.4525011069595253,0.5474988930404747,0.07277133930821404,-3.326097011566162,4.28958797454834
236,23600,-1.4810010246007477,0.20880772843838522,-1.140949435747001,-0.4911701677320146,-0.05768914956011729,153.68,141.4,0.2393670428353328,0.7606329571646673,0.07154306507700477,-3.275604248046875,3.250392198562622
237,23700,0.5313876850842554,1.6421317915590083,-0.6888448190784883,-0.29910749853995955,-0.12279178885630503,155.48,472.6,0.5407701206143412,0.45922987938565885,0.06946086971433874,-2.2709856033325195,2.8632121086120605
238,23800,0.6369166798978345,1.6962068393223646,-0.6684417943146153,-0.2890145430180286,-0.10183382209188659,161.56,359.32,0.5543721371235898,0.44562786287641015,0.06845384448989113,-2.225649118423462,4.1546630859375
239,23900,-1.7442114484905022,0.18594444623071296,-1.328595141111768,-0.5703740478420963,-0.031186705767350928,89.96,69.56,0.11426990592548812,0.885730094074512,0.06997059979428277,-2.4564054012298584,2.5700011253356934
240,24000,0.26054231392113036,1.3268908858316002,-0.6742323025594119,-0.2910331803970011,-0.10108308895405668,195.48,321.56,0.5505117982937254,0.44948820170627457,0.07082848152973796,-1.2552860975265503,2.6098222732543945
241,24100,-1.2145807061379952,0.37917344315794127,-1.06160533056619,-0.4594684668235882,-0.07268035190615835,175.16,196.6,0.29226311295587337,0.7077368870441266,0.06993374164243901,-2.4240775108337402,3.0032243728637695
242,24200,-0.4974877515288696,0.7645046969696843,-0.8183259147532138,-0.3536645787111269,-0.09000195503421313,195.76,264.6,0.45444939016452407,0.5455506098354759,0.06792547248525177,-2.262969493865967,2.050539970397949
243,24300,0.6025862760540588,1.6224278420015137,-0.6419393787268384,-0.2769442204561979,-0.1009579667644184,180.12,336.28,0.5720404141821077,0.4279595858178923,0.0663089179689533,-1.532921552658081,3.7720236778259277
244,24400,-1.502503336982074,0.14682929788441013,-1.0957370869031522,-0.47531597807085824,-0.07827956989247312,245.4,155.0,0.2695086087312318,0.7304913912687683,0.06422130835497565,-1.3835766315460205,2.92368483543396
245,24500,0.2574920803801909,1.252207807897731,-0.6208545542764845,-0.26814856327038117,-0.1057126099706745,185.88,354.84,0.586096963815677,0.413903036184323,0.061760586920062914,-1.043007493019104,2.037285566329956
246,24600,-0.37252736986856716,0.588128388904403,-0.5634272013660676,-0.244149378521272,-0.1530791788856305,318.72,464.28,0.6243818657559548,0.3756181342440451,0.05978172747291502,-1.3469287157058716,4.875130653381348
247,24700,-0.19674311571017758,0.6008460996393061,-0.44907872268035304,-0.19406278983433092,-0.1544477028347996,299.48,490.52,0.7006141848797646,0.2993858151202354,0.05758301047221506,-0.012507028877735138,2.2872819900512695
248,24800,-0.037631664955688295,1.0306996656070568,-0.6650259325517911,-0.28820862381740553,-0.11509677419354841,147.48,441.24,0.5566493782988059,0.44335062170119416,0.055995392604766915,-0.9544756412506104,4.489989280700684
249,24900,-0.560346081523645,0.05799041443728657,-0.20467828506936236,-0.0887315246745604,-0.3249266862170087,974.36,687.64,0.8635478099537583,0.13645219004624157,0.054623130541141464,-0.4834665358066559,3.755629062652588
250,25000,0.059938060691974375,1.1527193550368071,-0.6728131091996903,-0.2922966308929431,-0.12767155425219945,142.04,511.0,0.5514579272002065,0.44854207279979347,0.05346859164137146,-0.28421714901924133,4.075906276702881
251,25100,-0.3693561922151411,0.3531530791490012,-0.3522682288250044,-0.15273175612662557,-0.21750928641251221,466.52,646.04,0.7651545141166636,0.23484548588333629,0.052295036091951984,-0.9728304743766785,3.37739896774292
252,25200,0.3697433748925561,1.40446256837824,-0.6185952085234843,-0.26887080803160357,-0.14725317693059628,189.72,563.48,0.587603194317677,0.41239680568232295,0.051459929245230886,-1.2893822193145752,3.4952664375305176
253,25300,-0.03823480803727277,1.0046945196855483,-0.6278219955124057,-0.27260879848607517,-0.14249853372434015,175.64,553.24,0.5814520029917295,0.41854799700827044,0.051272347642140226,-0.21426096558570862,2.4814529418945312
254,25400,0.033272873367597364,1.0581773220709763,-0.6147068440633352,-0.26657297120895856,-0.14362463343108503,176.92,557.72,0.5901954372911098,0.40980456270889026,0.05185427374201575,-0.8137294054031372,3.65077543258667
255,25500,0.22946968797164963,1.2139171419569568,-0.5827283123454717,-0.2529644984335792,-0.14875464320625612,201.24,559.64,0.6115144584363522,0.3884855415636478,0.052699725261778844,-0.9063112735748291,4.826147079467773
256,25600,-0.39178668144503237,0.5874217603131094,-0.5878182950732994,-0.2548349169683223,-0.13655522971652004,180.44,518.04,0.6081211366178004,0.3918788633821995,0.05334946788060372,-1.7670643329620361,4.073869705200195
257,25700,-0.28078684514963276,0.6907407857433047,-0.5793565628877922,-0.25154936712537984,-0.1406217008797654,167.32,551.96,0.6137622914081385,0.38623770859186146,0.05381693616433998,-1.4580345153808594,3.4546725749969482
258,25800,0.42965391352773247,1.4638295660939542,-0.6227868843356846,-0.2705168229714952,-0.140871945259042,175.0,545.56,0.5848087437762103,0.4151912562237897,0.05365051986047649,-0.22388021647930145,2.922085762023926
259,25900,0.6105570750857173,1.643861855105905,-0.6200546915412695,-0.2692500884789181,-0.14400000000000002,196.12,540.44,0.5866302056391538,0.4133697943608462,0.05335941546028927,-0.3021095097064972,3.9698643684387207
260,26000,-0.06103312188204255,1.0679615116501424,-0.6873108085437453,-0.2986222414107272,-0.14306158357771262,188.12,543.64,0.5417927943041697,0.45820720569583023,0.053599315231900625,-1.3858139514923096,5.21951961517334
261,26100,-0.09275355650532197,0.9228669997695136,-0.6089005487016996,-0.26453427932289136,-0.14218572825024442,186.84,540.44,0.5940663008655336,0.4059336991344664,0.05335692203084967,-0.9175686836242676,2.419501543045044
262,26200,-0.02557516216273035,1.104808789921735,-0.6870387731297503,-0.298594445816885,-0.14475073313782993,194.2,546.2,0.5419741512468332,0.45802584875316676,0.05338828920620532,-0.5923998355865479,4.266258239746094
263,26300,0.20766714560940525,1.331294245617589,-0.6797427582483982,-0.2953799429328063,-0.1485043988269795,207.0,552.6,0.5468381611677345,0.4531618388322655,0.05353832988127252,-0.47228533029556274,3.141172409057617
264,26400,-0.13752903264938404,0.9672773693673166,-0.6730630275084857,-0.292122651145556,-0.13962072336265888,182.04,532.12,0.5512913149943429,0.4487086850056571,0.05419824379452906,0.8702046275138855,4.153463363647461
265,26500,-0.20074913239031,0.963341981887619,-0.720439608991779,-0.3127893351981736,-0.13086217008797654,156.44,512.92,0.5197069273388141,0.4802930726611859,0.054703438286591966,-0.22007204592227936,2.419424295425415
266,26600,-0.30641414369737674,0.7343469197853618,-0.639113500060187,-0.2767912584372145,-0.12485630498533724,164.76,473.88,0.5739243332932087,0.42607566670679126,0.054472140616541924,0.29947760701179504,4.924181938171387
267,26700,-0.11135364940338999,1.0376347590811816,-0.7067618933659364,-0.3068599462036793,-0.13536656891495602,168.6,523.8,0.5288254044227092,0.47117459557729086,0.054571479042047656,0.11973589658737183,5.970041275024414
268,26800,-0.535774739517338,0.25095052228471726,-0.45063416358806035,-0.19434329762748448,-0.14174780058651026,339.48,385.56,0.6995772242746264,0.3004227757253737,0.054483115881023114,0.29141682386398315,3.360229969024658
269,26900,0.2287196845948346,1.3401052037763321,-0.6828444089659823,-0.2964902793259745,-0.1320508308895406,185.56,489.88,0.5447703940226787,0.45522960597732137,0.05398775577660893,0.9741368889808655,6.324979305267334
270,27000,-0.059707789235302025,1.078463839615665,-0.6988347228564552,-0.3033447261313642,-0.13599217986314763,193.56,502.04,0.5341101847623633,0.46588981523763684,0.05377703385571063,0.5264462232589722,3.130467414855957
271,27100,-0.20122324428935706,0.8762239306139756,-0.6589831399204573,-0.28585015423996213,-0.13261388074291303,185.24,493.08,0.5606779067196951,0.439322093280305,0.0535696248934703,0.6822523474693298,4.9558563232421875
272,27200,-0.16334147866740178,0.9427508120676369,-0.6840301560637656,-0.2965802187377442,-0.12548191593352884,174.36,467.48,0.5439798959574896,0.4560201040425103,0.05384888189517947,0.6861416697502136,3.372468948364258
273,27300,0.3506491433461795,1.4527877924127879,-0.6753579981364184,-0.2929155482908934,-0.1338651026392962,221.08,463.64,0.5497613345757211,0.450238665424279,0.05388398115172951,0.9572463035583496,3.8189504146575928
274,27400,-0.27141227835331416,0.7087939790116019,-0.5928430832620584,-0.25668868729933847,-0.1306744868035191,202.84,465.56,0.6047712778252943,0.3952287221747058,0.053276749201491384,1.1036324501037598,3.6851513385772705
275,27500,-0.2844385921898156,0.6674272929474321,-0.5734518440611754,-0.2483651652207447,-0.13004887585532748,199.64,465.56,0.617698770625883,0.382301229374117,0.052462375908859535,1.2379226684570312,3.387539863586426
276,27600,-0.24481019277351682,0.7355685221638691,-0.6052228493236946,-0.2614979966009836,-0.11365786901270772,186.84,394.52,0.5965181004508703,0.4034818995491298,0.05268608187947799,1.8012101650238037,3.532789707183838
277,27700,-0.15828342488470365,0.8763232075119116,-0.6383867909746879,-0.27649354621176125,-0.11972629521016617,165.4,447.0,0.5744088060168749,0.4255911939831251,0.051831172400811774,1.0030909776687622,2.77638578414917
278,27800,-0.2746941554153932,0.6295517150753581,-0.5557015515882633,-0.23945340981157884,-0.10909090909090907,223.0,335.0,0.6295322989411578,0.37046770105884214,0.05147529233007826,2.192209482192993,3.4576642513275146
279,27900,-0.2751841384886309,0.7041616699135241,-0.6175524455596545,-0.26590284475843406,-0.09589051808406648,196.44,294.04,0.588298369626897,0.41170163037310303,0.05116853427536151,2.09794545173645,3.4695215225219727
280,28000,-0.44212702025298356,0.5577823400968962,-0.6228020643571182,-0.268047667449262,-0.10905962854349951,249.88,307.96,0.5847986237619213,0.4152013762380788,0.052062922779970974,0.014666996896266937,4.1156086921691895
281,28100,-0.7705633370329494,0.2680168935775956,-0.6310675276739576,-0.2713563001995396,-0.13615640273704788,350.24,346.2,0.5792883148840283,0.4207116851159716,0.052029915284571106,2.0330591201782227,3.741265296936035
282,28200,-0.41113684243369597,0.6699669996793451,-0.6771203651174673,-0.29181925412167364,-0.11216422287390032,233.28,340.44,0.5485864232550217,0.4514135767449783,0.052310274339876256,1.1726347208023071,3.7592105865478516
283,28300,-1.0222877055823956,0.42035242796034084,-0.9192084533458624,-0.40135152379413697,-0.12208015640273703,285.28,339.16,0.3871943644360917,0.6128056355639083,0.05278596372874819,1.450899600982666,2.5434410572052
284,28400,-1.1301817521718314,0.3818616170971152,-0.9616361550087238,-0.4246046727157457,-0.125802541544477,328.32,315.16,0.358909229994184,0.641090770005816,0.05548666653225904,2.211859703063965,4.066978931427002
285,28500,-1.2863583123263922,0.351329466451181,-1.0548250088657998,-0.4643407757768761,-0.11852199413489738,340.68,265.56,0.29678332742280006,0.7032166725772001,0.05819718323052908,2.67478609085083,2.379257917404175
286,28600,-0.352601363049572,0.7460924249396149,-0.6853073257173363,-0.2970462863187713,-0.11634017595307916,228.88,366.2,0.5431284495217757,0.4568715504782242,0.05788411378014091,2.403756618499756,1.9090237617492676
287,28700,-0.3838770592861752,0.5555627104836144,-0.567102095078038,-0.24506494741902443,-0.1272727272727273,294.4,356.6,0.6219319366146414,0.37806806338535864,0.055359324505347376,2.1686928272247314,2.742758274078369
288,28800,-0.1603246339686321,0.865559186837627,-0.6517252668312022,-0.2805202353044801,-0.09363831867057676,194.52,284.44,0.5655164887791986,0.4344835112208015,0.05300011806602717,2.457357168197632,3.462653875350952
289,28900,0.05231798047769508,1.1049229319951797,-0.6744398538536922,-0.2899695942424825,-0.08819550342130988,203.8,247.32,0.5503734307642052,0.4496265692357948,0.05133988233203011,1.7689244747161865,3.5996031761169434
290,29000,-0.9799183801239744,0.24431648926071087,-0.7725096756245605,-0.3350096512381311,-0.11671554252199412,278.64,318.36,0.4849935495836264,0.5150064504163736,0.04991056413372531,1.8815490007400513,2.189591407775879
291,29100,-1.0918415971285318,0.1673983238958491,-0.794758202721477,-0.34358240256487815,-0.12089931573802541,296.36,322.04,0.4701611981856821,0.529838801814318,0.04918121637913741,2.3705623149871826,2.1682519912719727
292,29200,-0.08756637934984356,0.9559164794027812,-0.6745778968392407,-0.2898433783356714,-0.0790615835777126,175.64,228.76,0.5502814021071728,0.44971859789282725,0.048716472956179646,3.5087194442749023,3.900500774383545
293,29300,-0.9304254446374403,0.1913756831364958,-0.6989003835871246,-0.3019310472171145,-0.12096969696969696,281.2,337.56,0.5340664109419171,0.46593358905808296,0.04846347411902438,2.527435541152954,4.903862953186035
294,29400,-1.0282549027519812,0.14840473878647525,-0.7371971294014589,-0.31846153461989124,-0.12100097751710656,302.8,316.12,0.5085352470656941,0.49146475293430597,0.048901488886945656,2.3085007667541504,3.7941856384277344
295,29500,-1.2117000685132806,0.08558570836244912,-0.8310257397284455,-0.3591241622694739,-0.10713587487781039,282.76,265.24,0.4459828401810363,0.5540171598189637,0.04873786070315583,1.1472612619400024,1.8020684719085693
296,29600,0.5337535013495495,1.639965308450007,-0.718152126897092,-0.30837248567746106,-0.0796871945259042,197.4,210.2,0.5212319154019387,0.4787680845980613,0.048945871599920074,2.079352855682373,5.316606521606445
297,29700,-0.2604479578101478,0.6830049450071205,-0.5960691506269804,-0.25643556059693495,-0.09094819159335288,193.56,271.64,0.6026205662486798,0.3973794337513203,0.04907881692261716,2.6236114501953125,3.6168313026428223
298,29800,0.041825682813087246,1.0838549015103116,-0.6652634051013103,-0.28625554966629524,-0.09051026392961876,206.04,256.92,0.5564910632657931,0.44350893673420694,0.049193811410311664,3.078387975692749,2.7899301052093506
299,29900,0.40039467176839905,1.5327955916747484,-0.7439119715167014,-0.31918689560372415,-0.06930205278592376,182.04,172.44,0.5040586856555325,0.4959413143444676,0.04903111051382176,3.629997968673706,2.074136734008789
300,30000,0.29135828173121675,1.4491889135589926,-0.7609145351322486,-0.32661306639249654,-0.07030303030303031,178.84,180.76,0.49272364324516765,0.5072763567548324,0.04874431023623598,2.418893814086914,4.47332239151001
