protocol,num_nodes,offered_load,seed,throughput_mbps_per_node,delivery_ratio,collision_rate,avg_latency_ms,fairness,crit_throughput,crit_delivery_ratio,crit_collision_rate,crit_avg_latency_ms,crit_fairness,be_throughput,be_delivery_ratio,be_collision_rate,be_avg_latency_ms,be_fairness,avg_cw_min,avg_cw_max,avg_aifsn,avg_cw_min_vo,avg_cw_max_vo,avg_cw_min_be,avg_cw_max_be
DCF,50,0.2,1,0.0232,0.9929,0.0071,6.3969,0.9930,0.0123,0.9934,0.0066,6.8090,0.9934,0.0109,0.9867,0.0133,0.8590,0.9869,0.0000,0.0000,0.0000,0.0000,0.0000,0.0000,0.0000
GDCF,50,0.2000,1,0.0215,0.9914,0.0086,6.1410,0.9914,0.0122,0.9908,0.0092,6.4653,0.9909,0.0092,1.0000,0.0000,1.0077,1.0000,15.0000,1023.0000,3.0000,0.0000,0.0000,15.0000,1023.0000
TD3,50,0.2000,1,0.0243,1.0000,0.0000,8.1859,1.0000,0.0124,1.0000,0.0000,8.7447,1.0000,0.0120,1.0000,0.0000,1.2921,1.0000,511.0000,1023.0000,3.0000,127.0000,255.0000,511.0000,1023.0000
DCF,50,0.2000,2,0.0142,0.9925,0.0075,6.5595,0.9926,0.0123,0.9930,0.0070,6.6327,0.9931,0.0020,0.9563,0.0437,1.0996,0.9582,0.0000,0.0000,0.0000,0.0000,0.0000,0.0000,0.0000
GDCF,50,0.2000,2,0.0142,0.9887,0.0113,6.2646,0.9888,0.0122,0.9886,0.0114,6.3355,0.9887,0.0020,1.0000,0.0000,0.9984,1.0000,63.0000,850.9200,3.0000,0.0000,0.0000,63.0000,850.9200
TD3,50,0.2000,2,0.0141,1.0000,0.0000,8.5286,1.0000,0.0124,1.0000,0.0000,8.6134,1.0000,0.0018,1.0000,0.0000,1.5483,1.0000,511.0000,1023.0000,3.0000,127.0000,255.0000,511.0000,1023.0000
DCF,50,0.2000,3,0.0174,0.9852,0.0148,6.5116,0.9855,0.0122,0.9867,0.0133,6.7124,0.9869,0.0052,0.9470,0.0530,0.9325,0.9497,0.0000,0.0000,0.0000,0.0000,0.0000,0.0000,0.0000
GDCF,50,0.2000,3,0.0173,0.9915,0.0085,6.2195,0.9916,0.0122,0.9912,0.0088,6.4032,0.9913,0.0051,1.0000,0.0000,0.9206,1.0000,15.0000,1023.0000,3.0000,0.0000,0.0000,15.0000,1023.0000
TD3,50,0.2000,3,0.0172,1.0000,0.0000,8.4266,1.0000,0.0124,1.0000,0.0000,8.6616,1.0000,0.0049,1.0000,0.0000,1.2885,1.0000,511.0000,1023.0000,3.0000,127.0000,255.0000,511.0000,1023.0000
