protocol,num_nodes,offered_load,seed,throughput_mbps_per_node,delivery_ratio,collision_rate,avg_latency_ms,fairness,crit_throughput,crit_delivery_ratio,crit_collision_rate,crit_avg_latency_ms,crit_fairness,be_throughput,be_delivery_ratio,be_collision_rate,be_avg_latency_ms,be_fairness
DCF,50,0.06,200,0.0213,0.9524,0.0476,6.2805,0.9545,0.0109,0.9487,0.0512,6.7007,0.9512,0.0104,1.0000,0.0000,1.0271,1.0000
GDCF,50,0.0600,200,0.0196,0.9742,0.0258,6.5096,0.9749,0.0112,0.9775,0.0225,6.8530,0.9780,0.0084,0.9245,0.0755,1.0305,0.9298
TD3,50,0.0600,200,0.0162,0.9762,0.0238,6.5808,0.9768,0.0112,0.9754,0.0246,6.7824,0.9759,0.0050,1.0000,0.0000,1.2107,1.0000
DCF,50,0.0600,201,0.0226,0.9803,0.0197,6.4668,0.9807,0.0113,0.9823,0.0177,6.9288,0.9826,0.0113,0.9565,0.0435,0.9662,0.9583
GDCF,50,0.0600,201,0.0221,0.9871,0.0129,6.5160,0.9873,0.0113,0.9861,0.0139,6.9422,0.9863,0.0108,1.0000,0.0000,1.1674,1.0000
TD3,50,0.0600,201,0.0141,0.9713,0.0287,6.6383,0.9721,0.0112,0.9770,0.0230,6.7586,0.9775,0.0029,0.7647,0.2353,1.0125,0.8095
DCF,50,0.0600,202,0.0275,0.9880,0.0120,6.4244,0.9882,0.0113,0.9866,0.0134,7.0743,0.9868,0.0162,1.0000,0.0000,0.9922,1.0000
GDCF,50,0.0600,202,0.0154,0.9787,0.0213,6.5915,0.9791,0.0112,0.9780,0.0220,6.7662,0.9785,0.0042,1.0000,0.0000,0.9624,1.0000
TD3,50,0.0600,202,0.0191,0.9882,0.0118,6.7045,0.9883,0.0113,0.9882,0.0118,7.0266,0.9884,0.0078,0.9876,0.0124,1.1001,0.9877
DCF,50,0.0600,203,0.0194,0.9763,0.0237,6.5019,0.9768,0.0112,0.9748,0.0252,6.8346,0.9754,0.0083,1.0000,0.0000,1.1281,1.0000
GDCF,50,0.0600,203,0.0159,0.9755,0.0245,6.6716,0.9761,0.0112,0.9754,0.0246,6.8717,0.9759,0.0047,0.9797,0.0203,1.0101,0.9801
TD3,50,0.0600,203,0.0200,0.9811,0.0189,6.5687,0.9814,0.0113,0.9823,0.0177,6.9364,0.9826,0.0088,0.9624,0.0376,0.9186,0.9637
DCF,50,0.0600,204,0.0212,0.9618,0.0382,6.4607,0.9632,0.0111,0.9650,0.0350,6.8659,0.9662,0.0101,0.9219,0.0781,1.1592,0.9275
GDCF,50,0.0600,204,0.0213,0.9907,0.0093,6.5597,0.9908,0.0114,0.9900,0.0100,6.9688,0.9901,0.0099,1.0000,0.0000,0.9602,1.0000
TD3,50,0.0600,204,0.0171,0.9792,0.0208,6.6262,0.9796,0.0113,0.9823,0.0177,6.8705,0.9826,0.0058,0.9115,0.0885,0.9566,0.9187
DCF,50,0.0600,205,0.0181,0.9652,0.0348,6.5290,0.9664,0.0111,0.9652,0.0348,6.8085,0.9664,0.0070,0.9663,0.0337,1.2650,0.9674
GDCF,50,0.0600,205,0.0196,0.9894,0.0106,6.7146,0.9895,0.0114,0.9898,0.0102,7.0611,0.9899,0.0082,0.9825,0.0175,1.0150,0.9828
TD3,50,0.0600,205,0.0235,0.9795,0.0205,6.5196,0.9799,0.0112,0.9780,0.0220,7.0173,0.9785,0.0123,0.9960,0.0040,1.1108,0.9961
DCF,50,0.0600,206,0.0176,0.9598,0.0402,6.4446,0.9614,0.0110,0.9593,0.0407,6.7143,0.9609,0.0066,0.9710,0.0290,1.0386,0.9718
GDCF,50,0.0600,206,0.0208,0.9695,0.0305,6.4535,0.9704,0.0111,0.9691,0.0309,6.8433,0.9700,0.0097,0.9753,0.0247,1.0992,0.9759
TD3,50,0.0600,206,0.0205,0.9865,0.0135,6.6410,0.9866,0.0113,0.9855,0.0145,7.0149,0.9857,0.0092,1.0000,0.0000,1.1822,1.0000
DCF,50,0.0600,207,0.0179,0.9803,0.0197,6.6206,0.9806,0.0112,0.9796,0.0204,6.8962,0.9800,0.0067,0.9928,0.0072,1.1031,0.9928
GDCF,50,0.0600,207,0.0160,0.9666,0.0334,6.5017,0.9677,0.0111,0.9661,0.0339,6.7128,0.9672,0.0049,0.9806,0.0194,0.8481,0.9810
TD3,50,0.0600,207,0.0330,0.9874,0.0126,6.3110,0.9875,0.0113,0.9877,0.0123,7.1417,0.9878,0.0216,0.9855,0.0145,1.1192,0.9857
DCF,50,0.0600,208,0.0181,0.9684,0.0316,6.4316,0.9694,0.0111,0.9673,0.0327,6.7201,0.9684,0.0070,0.9897,0.0103,0.9856,0.9898
GDCF,50,0.0600,208,0.0150,0.9844,0.0156,6.6823,0.9846,0.0113,0.9839,0.0161,6.8446,0.9842,0.0037,1.0000,0.0000,0.8408,1.0000
TD3,50,0.0600,208,0.0144,0.9832,0.0168,6.7200,0.9835,0.0113,0.9829,0.0171,6.8444,0.9831,0.0031,1.0000,0.0000,1.3253,1.0000
DCF,50,0.0600,209,0.0126,0.9731,0.0269,6.6341,0.9738,0.0112,0.9729,0.0271,6.6932,0.9736,0.0014,1.0000,0.0000,1.0874,1.0000
GDCF,50,0.0600,209,0.0196,0.9834,0.0166,6.5763,0.9836,0.0113,0.9850,0.0150,6.9257,0.9852,0.0083,0.9575,0.0425,0.8749,0.9592
TD3,50,0.0600,209,0.0264,0.9841,0.0159,6.3885,0.9843,0.0113,0.9823,0.0177,6.9982,0.9826,0.0151,1.0000,0.0000,0.9528,1.0000
DCF,50,0.0600,210,0.0192,0.9909,0.0091,6.6860,0.9910,0.0114,0.9904,0.0096,7.0254,0.9904,0.0078,1.0000,0.0000,0.8222,1.0000
GDCF,50,0.0600,210,0.0213,0.9854,0.0146,6.6057,0.9856,0.0113,0.9855,0.0145,7.0274,0.9857,0.0100,0.9831,0.0169,0.8868,0.9834
TD3,50,0.0600,210,0.0290,0.9768,0.0232,6.3243,0.9773,0.0112,0.9738,0.0262,7.0267,0.9744,0.0178,1.0000,0.0000,1.0769,1.0000
DCF,50,0.0600,211,0.0234,0.9856,0.0144,6.5438,0.9858,0.0113,0.9850,0.0150,7.0293,0.9852,0.0121,0.9920,0.0080,1.1443,0.9921
GDCF,50,0.0600,211,0.0160,0.9755,0.0245,6.6435,0.9761,0.0112,0.9764,0.0236,6.8468,0.9770,0.0048,0.9515,0.0485,0.9702,0.9537
TD3,50,0.0600,211,0.0173,0.9800,0.0200,6.5530,0.9804,0.0112,0.9796,0.0204,6.7939,0.9800,0.0060,0.9880,0.0120,1.2026,0.9881
DCF,50,0.0600,212,0.0142,0.9687,0.0313,6.6081,0.9697,0.0111,0.9680,0.0320,6.7433,0.9690,0.0031,1.0000,0.0000,0.8392,1.0000
GDCF,50,0.0600,212,0.0193,0.9826,0.0174,6.6193,0.9829,0.0113,0.9829,0.0171,6.9511,0.9831,0.0080,0.9792,0.0208,1.0680,0.9796
TD3,50,0.0600,212,0.0139,0.9649,0.0351,6.5509,0.9661,0.0111,0.9654,0.0346,6.6695,0.9665,0.0029,0.9435,0.0565,1.0714,0.9466
DCF,50,0.0600,213,0.0200,0.9754,0.0246,6.4857,0.9759,0.0112,0.9748,0.0252,6.8486,0.9754,0.0088,0.9836,0.0164,0.9662,0.9838
GDCF,50,0.0600,213,0.0289,0.9940,0.0060,6.5666,0.9940,0.0114,0.9939,0.0061,7.2785,0.9940,0.0175,0.9945,0.0055,1.0408,0.9945
TD3,50,0.0600,213,0.0151,0.9659,0.0341,6.5473,0.9670,0.0111,0.9677,0.0323,6.7121,0.9687,0.0040,0.9111,0.0889,1.1013,0.9184
DCF,50,0.0600,214,0.0171,0.9694,0.0306,6.5174,0.9703,0.0111,0.9680,0.0320,6.7757,0.9690,0.0060,1.0000,0.0000,0.8491,1.0000
GDCF,50,0.0600,214,0.0160,0.9858,0.0142,6.6695,0.9860,0.0113,0.9855,0.0145,6.8679,0.9857,0.0047,0.9948,0.0052,0.9368,0.9948
TD3,50,0.0600,214,0.0188,0.9885,0.0115,6.6203,0.9886,0.0113,0.9879,0.0121,6.9297,0.9880,0.0075,1.0000,0.0000,1.0101,1.0000
